{
  "summary": {
    "total_bets": 257,
    "total_wins": 141,
    "total_losses": 116,
    "win_rate": 54.86381322957199,
    "total_stakes": 6425,
    "total_profit": 3321.5,
    "roi": 51.6964980544747,
    "initial_bankroll": 1000.0,
    "final_bankroll": 4321.5,
    "bankroll_growth": 332.15000000000003,
    "average_bet_profit": 12.924124513618677,
    "largest_win": 135.0,
    "largest_loss": -25
  },
  "strategy_breakdown": {
    "high_value": {
      "bets": 87,
      "wins": 31,
      "losses": 56,
      "win_rate": 35.63218390804598,
      "total_profit": 1490.25,
      "total_stakes": 2175,
      "roi": 68.51724137931035,
      "avg_odds": 4.889770114942527
    },
    "goals": {
      "bets": 78,
      "wins": 46,
      "losses": 32,
      "win_rate": 58.97435897435898,
      "total_profit": 733.0,
      "total_stakes": 1950,
      "roi": 37.58974358974359,
      "avg_odds": 2.346538461538463
    },
    "elite_home": {
      "bets": 32,
      "wins": 20,
      "losses": 12,
      "win_rate": 62.5,
      "total_profit": 291.0,
      "total_stakes": 800,
      "roi": 36.375,
      "avg_odds": 2.1881250000000003
    },
    "btts": {
      "bets": 60,
      "wins": 44,
      "losses": 16,
      "win_rate": 73.33333333333333,
      "total_profit": 807.25,
      "total_stakes": 1500,
      "roi": 53.81666666666667,
      "avg_odds": 2.0688333333333335
    }
  },
  "generation_timestamp": "2025-09-28T15:26:39.174161"
}